joint_pos_0,joint_pos_1,joint_pos_2,joint_pos_3,joint_pos_4,joint_pos_5,joint_pos_6,joint_pos_7,joint_pos_8,joint_pos_9,joint_pos_10,joint_pos_11,joint_pos_12,joint_pos_13,joint_pos_14,joint_pos_15,joint_pos_16,joint_pos_17,joint_pos_18,joint_pos_19,joint_pos_20,joint_pos_21,joint_pos_22,joint_pos_23,joint_pos_24,joint_pos_25,joint_pos_26,joint_vel_0,joint_vel_1,joint_vel_2,joint_vel_3,joint_vel_4,joint_vel_5,joint_vel_6,joint_vel_7,joint_vel_8,joint_vel_9,joint_vel_10,joint_vel_11,joint_vel_12,joint_vel_13,joint_vel_14,joint_vel_15,joint_vel_16,joint_vel_17,joint_vel_18,joint_vel_19,joint_vel_20,joint_vel_21,joint_vel_22,joint_vel_23,joint_vel_24,joint_vel_25,joint_vel_26,tau_est_0,tau_est_1,tau_est_2,tau_est_3,tau_est_4,tau_est_5,tau_est_6,tau_est_7,tau_est_8,tau_est_9,tau_est_10,tau_est_11,tau_est_12,tau_est_13,tau_est_14,tau_est_15,tau_est_16,tau_est_17,tau_est_18,tau_est_19,tau_est_20,tau_est_21,tau_est_22,tau_est_23,tau_est_24,tau_est_25,tau_est_26,cmd_q_0,cmd_q_1,cmd_q_2,cmd_q_3,cmd_q_4,cmd_q_5,cmd_q_6,cmd_q_7,cmd_q_8,cmd_q_9,cmd_q_10,cmd_q_11,cmd_q_12,cmd_q_13,cmd_q_14,cmd_q_15,cmd_q_16,cmd_q_17,cmd_q_18,cmd_q_19,cmd_q_20,cmd_q_21,cmd_q_22,cmd_q_23,cmd_q_24,cmd_q_25,cmd_q_26,cmd_tau_0,cmd_tau_1,cmd_tau_2,cmd_tau_3,cmd_tau_4,cmd_tau_5,cmd_tau_6,cmd_tau_7,cmd_tau_8,cmd_tau_9,cmd_tau_10,cmd_tau_11,cmd_tau_12,cmd_tau_13,cmd_tau_14,cmd_tau_15,cmd_tau_16,cmd_tau_17,cmd_tau_18,cmd_tau_19,cmd_tau_20,cmd_tau_21,cmd_tau_22,cmd_tau_23,cmd_tau_24,cmd_tau_25,cmd_tau_26,motion_phase,
-0.0131235,-0.00747454,-0.000934839,0.00103886,0.0328998,0.0160559,-0.00865126,-0.00579214,0.00239134,-0.000934225,0.0207701,-0.000790119,0.00253725,0.031143,0.0116041,-0.00936103,0.0557411,0.0151725,0.0225319,-0.00783122,0.0225677,-0.0132313,-0.0131319,0.0697882,0.0171661,0.0169563,0.00691295,0,0,0,0,-0.0188343,0.0332931,0,0,0,0,-0.0183248,0.0326652,0,0.00293,-0.00293,0.00879,0.00293,-0.01172,0,0,-0.00293,0.00293,0.00293,0,0.00293,0.00293,0,5.49,2.12,0.22,-0.22,-1.95137,-0.988404,4.18,1.68,-0.22,0.07,-1.10725,0.00112367,-0.37,-2.56,-0.95,0.81,-3.3,-0.81,-1.83,0.51,-1.68,1.1,1.1,-4.18,-0.95,-1.39,-0.51,-0.0151981,0.0568614,0.0189998,0,0.0410622,-0.0318569,-0.0489197,-0.0637967,-0.0160472,0,-0.0411119,0.0203015,0.011561,-0.229192,-0.104352,0.0174101,-0.0735551,-0.0915886,-0.0183612,-0.0460306,0.390776,0.419248,0.290283,-0.0161632,0.0337687,0.0117753,0.0474412,-0.892576,17.9383,2.88833,-0.333265,0.515092,-2.94404,-17.3251,-16.1715,-2.67156,0.299699,-3.66168,1.20097,2.88761,-20.8268,-9.28244,2.13583,-7.75926,-6.41167,-3.26998,-3.05734,29.4507,34.616,24.2732,-5.15714,1.00059,-0.415998,3.24377,0.00416667,
-0.0131235,-0.00747454,-0.000934839,0.00103886,0.0327673,0.0160713,-0.00865126,-0.00579214,0.00239134,-0.000934225,0.0207284,-0.000780677,0.00253582,0.0311449,0.0116057,-0.0093627,0.0557411,0.0151742,0.0225328,-0.00783122,0.0225687,-0.0132313,-0.0131319,0.0697882,0.0171654,0.0169569,0.00691235,0,0,0,0,-0.02483,-0.0217553,0,0,0,0,-0.00613077,-0.0113211,0,0.00293,0,0,0,0.00293,-0.00293,-0.00293,0,0,-0.00293,0,-0.00879,0.00293,0,5.2,2.27,0.07,-0.22,-1.95412,-1.22087,4.03,1.68,-0.51,0.22,-0.878441,-0.122789,-0.95,-2.42,-0.95,0.81,-3.3,-0.81,-1.83,0.66,-1.68,1.1,1.1,-4.18,-0.95,-1.39,-0.51,-0.0151981,0.0568614,0.0189998,0,0.0410622,-0.0318569,-0.0489197,-0.0637967,-0.0160472,0,-0.0411119,0.0203015,0.011561,-0.229192,-0.104352,0.0174101,-0.0735551,-0.0915886,-0.0183612,-0.0460306,0.390776,0.419248,0.290283,-0.0161632,0.0337687,0.0117753,0.0474412,-0.892576,17.9383,2.88833,-0.333265,0.515092,-2.94404,-17.3251,-16.1715,-2.67156,0.299699,-3.66168,1.20097,2.88761,-20.8268,-9.28244,2.13583,-7.75926,-6.41167,-3.26998,-3.05734,29.4507,34.616,24.2732,-5.15714,1.00059,-0.415998,3.24377,0.00416667,
-0.0131235,-0.00746906,-0.000934839,0.00103886,0.0326961,0.0160468,-0.00865126,-0.00578678,0.00239134,-0.000934225,0.0207217,-0.000815191,0.00253725,0.031143,0.0116057,-0.0093627,0.0557411,0.0151734,0.0225319,-0.0078305,0.0225687,-0.013232,-0.0131311,0.0697892,0.0171661,0.0169569,0.00691235,0,0.0133182,0,0,-0.0435704,-0.0105105,0,0,0,0,0.0183246,-0.0326658,0.00761039,0.00293,0.00879,-0.00293,0,0,0.00293,0,0,0.00293,-0.00293,0,-0.00293,0,-0.00293,5.79,2.12,0.22,0.07,-2.15846,-1.10541,4.03,1.54,-0.37,0.07,-1.31265,-0.114095,-0.95,-2.56,-0.95,0.81,-3.44,-0.95,-1.83,0.66,-1.83,1.1,0.95,-4.18,-0.95,-1.39,-0.51,-0.0151981,0.0568614,0.0189998,0,0.0410622,-0.0318569,-0.0489197,-0.0637967,-0.0160472,0,-0.0411119,0.0203015,0.011561,-0.229192,-0.104352,0.0174101,-0.0735551,-0.0915886,-0.0183612,-0.0460306,0.390776,0.419248,0.290283,-0.0161632,0.0337687,0.0117753,0.0474412,-0.892576,17.9383,2.88833,-0.333265,0.515092,-2.94404,-17.3251,-16.1715,-2.67156,0.299699,-3.66168,1.20097,2.88761,-20.8268,-9.28244,2.13583,-7.75926,-6.41167,-3.26998,-3.05734,29.4507,34.616,24.2732,-5.15714,1.00059,-0.415998,3.24377,0.00416667,
-0.0131235,-0.00742197,-0.000931978,0.00103886,0.0325964,0.0159768,-0.00865412,-0.00581157,0.00239134,-0.000934225,0.0206881,-0.000940599,0.00253725,0.0311294,0.0115924,-0.00936031,0.0557342,0.0151472,0.0225258,-0.00784218,0.0225871,-0.0131724,-0.0130916,0.0697875,0.0171714,0.0169606,0.00692403,-0.0133182,0.106591,0,0,-0.0185527,-0.0328589,-0.0133182,-0.0932727,0,0,-0.0184165,-0.0561761,0,-0.02638,-0.03517,0.00879,-0.02052,-0.02931,-0.01466,-0.02345,0.02931,0.10259,0.08793,0,0.01466,0.00293,0.02345,0.37,16.04,2.71,-0.07,-1.7294,-0.862663,-13.7,-11.79,-2.12,0.07,-1.10725,0.00115519,1.83,-21.03,-9.16,1.98,-7.84,-5.64,-3,-1.83,27.33,34.36,24.25,-5.2,0.22,-0.66,1.98,-0.0151981,0.0568614,0.0189998,0,0.0410622,-0.0318569,-0.0489197,-0.0637967,-0.0160472,0,-0.0411119,0.0203015,0.011561,-0.229192,-0.104352,0.0174101,-0.0735551,-0.0915886,-0.0183612,-0.0460306,0.390776,0.419248,0.290283,-0.0161632,0.0337687,0.0117753,0.0474412,-0.892576,17.9383,2.88833,-0.333265,0.515092,-2.94404,-17.3251,-16.1715,-2.67156,0.299699,-3.66168,1.20097,2.88761,-20.8268,-9.28244,2.13583,-7.75926,-6.41167,-3.26998,-3.05734,29.4507,34.616,24.2732,-5.15714,1.00059,-0.415998,3.24377,0.00416667,
-0.0133066,-0.00637877,-0.000699043,0.00103886,0.0325608,0.0157844,-0.00957513,-0.00694346,0.00222492,-0.000934225,0.0205774,-0.000956563,0.00262284,0.0308099,0.0112841,-0.00932217,0.055598,0.014544,0.0224019,-0.00808001,0.0231438,-0.0118697,-0.0121484,0.0697675,0.0172467,0.0170082,0.00711536,-0.119909,0.373045,0.133227,0,0.0192246,-0.121547,-0.413,-0.492955,-0.0932727,0,-0.0733851,0.064069,0.0532987,-0.13776,-0.13776,0.01172,-0.05276,-0.25208,-0.0469,-0.09673,0.24035,0.54519,0.40156,-0.00293,0.02345,0.02052,0.07328,1.25,11.06,1.83,0.07,0.186506,-2.91387,-6.23,-7.25,-1.83,0.22,-3.53993,1.09197,1.1,-20.29,-8.86,2.12,-7.69,-5.64,-3,-2.27,28.79,33.19,23.22,-5.2,0.51,-0.51,2.56,-0.0151981,0.0568614,0.0189998,0,0.0410622,-0.0318569,-0.0489197,-0.0637967,-0.0160472,0,-0.0411119,0.0203015,0.011561,-0.229192,-0.104352,0.0174101,-0.0735551,-0.0915886,-0.0183612,-0.0460306,0.390776,0.419248,0.290283,-0.0161632,0.0337687,0.0117753,0.0474412,-0.892576,17.9383,2.88833,-0.333265,0.515092,-2.94404,-17.3251,-16.1715,-2.67156,0.299699,-3.66168,1.20097,2.88761,-20.8268,-9.28244,2.13583,-7.75926,-6.41167,-3.26998,-3.05734,29.4507,34.616,24.2732,-5.15714,1.00059,-0.415998,3.24377,0.00416667,
-0.0136535,-0.0054909,-0.000285625,0.00103886,0.0326811,0.0152615,-0.0106101,-0.00833905,0.00191951,-0.000934225,0.0203208,-0.000656715,0.00277996,0.0304248,0.0108993,-0.00927687,0.0554535,0.013746,0.0222645,-0.0083729,0.0239253,-0.0102611,-0.0109203,0.069766,0.0173039,0.0170448,0.00735247,-0.159864,0.373045,0.186545,0,0.0634148,-0.265432,-0.466318,-0.626182,-0.133227,0,-0.1406,0.183933,0.0685195,-0.18173,-0.18173,0.02052,-0.06155,-0.39277,-0.06448,-0.13776,0.36932,0.76502,0.58036,0,0.02345,0.01466,0.10845,2.71,11.36,1.1,-0.07,0.616364,-2.67154,-4.18,-4.32,-1.25,0.07,-3.76872,1.21544,0.37,-20.29,-8.86,2.12,-7.69,-5.64,-3.15,-2.42,28.21,33.04,22.78,-5.2,0.66,-0.51,2.71,-0.0151981,0.0568614,0.0189998,0,0.0410622,-0.0318569,-0.0489197,-0.0637967,-0.0160472,0,-0.0411119,0.0203015,0.011561,-0.229192,-0.104352,0.0174101,-0.0735551,-0.0915886,-0.0183612,-0.0460306,0.390776,0.419248,0.290283,-0.0161632,0.0337687,0.0117753,0.0474412,-0.892576,17.9383,2.88833,-0.333265,0.515092,-2.94404,-17.3251,-16.1715,-2.67156,0.299699,-3.66168,1.20097,2.88761,-20.8268,-9.28244,2.13583,-7.75926,-6.41167,-3.26998,-3.05734,29.4507,34.616,24.2732,-5.15714,1.00059,-0.415998,3.24377,0.00416667,
-0.014003,-0.00471687,0.000224829,0.00103886,0.0329063,0.0144622,-0.0118389,-0.00995922,0.00154519,-0.00093049,0.0199406,-0.000113022,0.00296998,0.0299103,0.0104358,-0.00921798,0.0553,0.0126333,0.0221094,-0.0087595,0.0249465,-0.00817919,-0.00934625,0.069773,0.0173583,0.0171016,0.00766468,-0.133227,0.279773,0.239818,0,0.107396,-0.365084,-0.546273,-0.6795,-0.159864,0,-0.165032,0.272075,0.0761299,-0.23449,-0.21104,0.02638,-0.06448,-0.53639,-0.06155,-0.17587,0.4807,0.90278,0.72399,0.00293,0.01466,0.02638,0.14069,3.15,11.94,0.81,-0.07,0.836816,-2.79577,-1.39,-2.86,-0.95,-0.07,-3.56316,1.32992,0.37,-20.44,-8.72,2.12,-7.69,-5.64,-3.15,-2.56,28.35,32.01,22.34,-5.2,0.81,-0.51,2.86,-0.0151981,0.0568614,0.0189998,0,0.0410622,-0.0318569,-0.0489197,-0.0637967,-0.0160472,0,-0.0411119,0.0203015,0.011561,-0.229192,-0.104352,0.0174101,-0.0735551,-0.0915886,-0.0183612,-0.0460306,0.390776,0.419248,0.290283,-0.0161632,0.0337687,0.0117753,0.0474412,-0.892576,17.9383,2.88833,-0.333265,0.515092,-2.94404,-17.3251,-16.1715,-2.67156,0.299699,-3.66168,1.20097,2.88761,-20.8268,-9.28244,2.13583,-7.75926,-6.41167,-3.26998,-3.05734,29.4507,34.616,24.2732,-5.15714,1.00059,-0.415998,3.24377,0.00416667,
-0.0142999,-0.00405943,0.000779629,0.00103886,0.0331879,0.013449,-0.0132096,-0.0115184,0.00116229,-0.00093049,0.0194841,0.000622454,0.00317001,0.0293016,0.00992131,-0.00914335,0.055156,0.0112352,0.0219539,-0.0092243,0.0262244,-0.00585175,-0.00745368,0.0697646,0.0174041,0.0171504,0.00805986,-0.119909,0.239818,0.213182,0,0.10764,-0.453121,-0.572909,-0.612864,-0.159864,0,-0.183377,0.32714,0.0913507,-0.26087,-0.21397,0.03517,-0.05862,-0.63019,-0.06448,-0.21104,0.56277,0.97899,0.80899,-0.01172,0.02931,0.01172,0.17587,2.86,12.53,0.81,-0.22,0.616952,-2.92191,-0.51,-3.44,-0.95,0.07,-3.53968,1.09007,0.37,-20,-8.72,1.98,-7.69,-5.49,-3.15,-2.56,27.91,32.16,22.34,-5.2,0.81,-0.51,2.86,-0.0151981,0.0568614,0.0189998,0,0.0410622,-0.0318569,-0.0489197,-0.0637967,-0.0160472,0,-0.0411119,0.0203015,0.011561,-0.229192,-0.104352,0.0174101,-0.0735551,-0.0915886,-0.0183612,-0.0460306,0.390776,0.419248,0.290283,-0.0161632,0.0337687,0.0117753,0.0474412,3.13493,12.2027,0.509184,-0.333265,0.0800256,-1.39957,-0.991228,-2.94931,-1.07502,0.298501,-3.06519,0.18773,0.312978,-20.2592,-8.76091,2.07749,-7.69906,-5.98512,-3.20688,-2.89375,28.305,32.3886,22.5224,-5.15764,0.977294,-0.439301,3.11178,0.00833333,
-0.0149381,-0.00290251,0.00207806,0.00102392,0.0338883,0.0105182,-0.0163195,-0.0142317,0.000182867,-0.000908082,0.0185302,0.00203243,0.00372791,0.0275123,0.00862312,-0.00878596,0.0548141,0.00661564,0.021486,-0.010771,0.0301321,4.76837e-06,-0.00257444,0.0694635,0.0174842,0.0170583,0.00925243,-0.106591,0.133227,0.213182,0,0.107413,-0.474742,-0.439682,-0.333091,-0.173182,0.0179388,-0.12848,0.11797,0.098961,-0.31949,-0.22276,0.09086,-0.06448,-0.87054,-0.09086,-0.29311,0.7064,0.94089,0.77088,-0.10259,0.02345,-0.03517,0.21983,2.42,14.58,0.51,-0.07,-0.0129936,-1.57917,-1.25,-7.84,-0.66,0.07,-3.07246,0.124879,-0.95,-19.85,-8.57,1.83,-7.69,-5.35,-3.15,-2.56,27.62,31.72,22.05,-5.05,0.95,-0.51,2.86,0.0161047,0.0233074,-0.0566856,0,0.00984012,-0.0953802,-0.0902044,0.00737861,-0.0455353,0,-0.138827,0.104379,0.0120754,-0.0941127,-0.239202,-0.0318299,0.143867,-0.0555454,0.0300856,-0.0482358,-0.107529,0.10427,0.0836416,-0.166305,0.0333828,-0.0304877,0.027946,16.6026,2.84748,-10.4569,-0.333265,-1.81328,-5.25162,-18.7536,16.8951,-5.34755,0.298501,-8.99066,5.28617,0.47758,-9.45286,-19.5489,-1.86172,5.34624,-3.82253,0.668869,-3.07017,-11.5594,7.19037,5.99105,-14.1662,0.95414,-3.82034,1.55216,0.00833333,
-0.0150573,-0.00275278,0.00231671,0.00102392,0.0339976,0.00999644,-0.0168049,-0.0146257,-2.24113e-05,-0.000900551,0.0184079,0.00213484,0.00385451,0.0271301,0.00834727,-0.00867081,0.0547404,0.00545764,0.0213673,-0.0111243,0.0309775,0.00110054,-0.00163317,0.0693297,0.0174937,0.0170125,0.00953436,-0.0932727,0.106591,0.186545,0,0.0947669,-0.430509,-0.373045,-0.333091,-0.173182,0,-0.0917827,0.052471,0.106597,-0.32242,-0.2257,0.07914,-0.07035,-0.92916,-0.09673,-0.30777,0.72399,0.90865,0.73571,-0.12311,-0.01172,-0.0381,0.23156,2.42,15.02,0.37,-0.22,0.194183,-1.46232,-2.56,-7.84,-0.81,-0.07,-2.84376,0.00121335,-0.95,-20.15,-8.57,1.98,-7.69,-5.2,-3.15,-2.56,27.47,31.58,21.9,-5.05,0.95,-0.37,2.86,0.0161047,0.0233074,-0.0566856,0,0.00984012,-0.0953802,-0.0902044,0.00737861,-0.0455353,0,-0.138827,0.104379,0.0120754,-0.0941127,-0.239202,-0.0318299,0.143867,-0.0555454,0.0300856,-0.0482358,-0.107529,0.10427,0.0836416,-0.166305,0.0333828,-0.0304877,0.027946,16.6026,2.84748,-10.4569,-0.333265,-1.81328,-5.25162,-18.7536,16.8951,-5.34755,0.298501,-8.99066,5.28617,0.47758,-9.45286,-19.5489,-1.86172,5.34624,-3.82253,0.668869,-3.07017,-11.5594,7.19037,5.99105,-14.1662,0.95414,-3.82034,1.55216,0.00833333,
-0.0150573,-0.00275278,0.00231671,0.00102392,0.0339976,0.00999644,-0.0168049,-0.0146257,-2.24113e-05,-0.000900551,0.0184079,0.00213484,0.00385451,0.0271301,0.00834727,-0.00867081,0.0547404,0.00545764,0.0213673,-0.0111243,0.0309775,0.00110054,-0.00163317,0.0693297,0.0174937,0.0170125,0.00953436,-0.0932727,0.106591,0.186545,0,0.0947669,-0.430509,-0.373045,-0.333091,-0.173182,0,-0.0917827,0.052471,0.106597,-0.32242,-0.2257,0.07914,-0.07035,-0.92916,-0.09673,-0.30777,0.72399,0.90865,0.73571,-0.12311,-0.01172,-0.0381,0.23156,2.42,15.02,0.37,-0.22,0.194183,-1.46232,-2.56,-7.84,-0.81,-0.07,-2.84376,0.00121335,-0.95,-20.15,-8.57,1.98,-7.69,-5.2,-3.15,-2.56,27.47,31.58,21.9,-5.05,0.95,-0.37,2.86,0.0161047,0.0233074,-0.0566856,0,0.00984012,-0.0953802,-0.0902044,0.00737861,-0.0455353,0,-0.138827,0.104379,0.0120754,-0.0941127,-0.239202,-0.0318299,0.143867,-0.0555454,0.0300856,-0.0482358,-0.107529,0.10427,0.0836416,-0.166305,0.0333828,-0.0304877,0.027946,16.6026,2.84748,-10.4569,-0.333265,-1.81328,-5.25162,-18.7536,16.8951,-5.34755,0.298501,-8.99066,5.28617,0.47758,-9.45286,-19.5489,-1.86172,5.34624,-3.82253,0.668869,-3.07017,-11.5594,7.19037,5.99105,-14.1662,0.95414,-3.82034,1.55216,0.00833333,
-0.0156786,-0.00243366,0.00347066,0.00102018,0.0342862,0.00789722,-0.0183947,-0.0160905,-0.0007658,-0.000855735,0.018087,0.00210953,0.00447917,0.0250821,0.00692987,-0.00769663,0.0543399,-0.00075078,0.0206584,-0.013188,0.0355072,0.00609899,0.00247812,0.0681539,0.0175245,0.0165827,0.0110755,-0.106591,0,0.213182,0,0.019315,-0.253514,-0.2265,-0.159864,-0.106591,0,-0.0306017,-0.0344197,0.098961,-0.36053,-0.24914,0.20225,-0.05276,-1.12555,-0.12604,-0.36932,0.7914,0.77088,0.67416,-0.2638,0,-0.085,0.28725,2.71,16.78,0.37,-0.07,0.214071,-0.972151,-6.23,-10.48,-0.95,-0.07,-3.30923,0.478827,-0.22,-19.56,-8.28,1.54,-7.69,-4.76,-3,-2.27,27.03,31.28,21.61,-4.91,0.95,-0.37,2.71,0.0161047,0.0233074,-0.0566856,0,0.00984012,-0.0953802,-0.0902044,0.00737861,-0.0455353,0,-0.138827,0.104379,0.0120754,-0.0941127,-0.239202,-0.0318299,0.143867,-0.0555454,0.0300856,-0.0482358,-0.107529,0.10427,0.0836416,-0.166305,0.0333828,-0.0304877,0.027946,16.6026,2.84748,-10.4569,-0.333265,-1.81328,-5.25162,-18.7536,16.8951,-5.34755,0.298501,-8.99066,5.28617,0.47758,-9.45286,-19.5489,-1.86172,5.34624,-3.82253,0.668869,-3.07017,-11.5594,7.19037,5.99105,-14.1662,0.95414,-3.82034,1.55216,0.00833333,
-0.0158203,-0.00263345,0.00351501,0.00102018,0.0342715,0.00700033,-0.0198929,-0.0157076,-0.0014205,-0.000799714,0.0178661,0.00208189,0.00483298,0.023828,0.0057137,-0.00694728,0.0544763,-0.00486398,0.020456,-0.0145952,0.0380137,0.00831509,0.00467396,0.066843,0.0175393,0.0160816,0.0120583,0.0399545,-0.119909,-0.319773,0,-0.0366656,-0.330305,-0.572909,0.333091,-0.279773,0,-0.146831,0.106252,0.098961,-0.33122,-0.43087,0.19932,0.13483,-1.13141,0.02052,-0.40743,0.58622,0.45725,0.54519,-0.46019,0.00879,-0.19932,0.24914,12.67,9.6,-6.08,-0.07,-1.541,-4.63404,-14.43,1.1,-3.88,-0.22,-9.61168,5.30427,-0.95,-8.72,-18.68,-2.27,5.05,-2.71,0.07,-2.42,-12.23,6.81,5.2,-13.85,0.95,-3.15,1.39,0.0161047,0.0233074,-0.0566856,0,0.00984012,-0.0953802,-0.0902044,0.00737861,-0.0455353,0,-0.138827,0.104379,0.0120754,-0.0941127,-0.239202,-0.0318299,0.143867,-0.0555454,0.0300856,-0.0482358,-0.107529,0.10427,0.0836416,-0.166305,0.0333828,-0.0304877,0.027946,16.6026,2.84748,-10.4569,-0.333265,-1.81328,-5.25162,-18.7536,16.8951,-5.34755,0.298501,-8.99066,5.28617,0.47758,-9.45286,-19.5489,-1.86172,5.34624,-3.82253,0.668869,-3.07017,-11.5594,7.19037,5.99105,-14.1662,0.95414,-3.82034,1.55216,0.00833333,
-0.0155149,-0.00294697,0.00231385,0.00102018,0.0341144,0.00577363,-0.0214188,-0.0146894,-0.00219464,-0.000751102,0.0172633,0.00300997,0.00506759,0.023042,0.00449467,-0.00650167,0.054945,-0.00760984,0.0205799,-0.015572,0.0392599,0.00929546,0.00592589,0.0655923,0.0175567,0.0155189,0.0126432,0.159864,-0.133227,-0.559591,0,-0.0922318,-0.649624,-0.626182,0.466318,-0.319773,0,-0.330284,0.590031,0.098961,-0.31363,-0.55691,0.17587,0.24914,-1.13727,0.07328,-0.41329,0.45725,0.36053,0.49829,-0.58036,0.01466,-0.26087,0.23156,9.3,9.6,-3.3,-0.07,-1.53977,-5.11528,-11.65,-0.95,-3.44,-0.37,-9.201,6.03249,-0.81,-8.86,-18.24,-2.27,5.05,-2.42,0.22,-2.42,-12.38,6.96,5.2,-13.7,0.95,-3.15,1.25,0.0161047,0.0233074,-0.0566856,0,0.00984012,-0.0953802,-0.0902044,0.00737861,-0.0455353,0,-0.138827,0.104379,0.0120754,-0.0941127,-0.239202,-0.0318299,0.143867,-0.0555454,0.0300856,-0.0482358,-0.107529,0.10427,0.0836416,-0.166305,0.0333828,-0.0304877,0.027946,16.6026,2.84748,-10.4569,-0.333265,-1.81328,-5.25162,-18.7536,16.8951,-5.34755,0.298501,-8.99066,5.28617,0.47758,-9.45286,-19.5489,-1.86172,5.34624,-3.82253,0.668869,-3.07017,-11.5594,7.19037,5.99105,-14.1662,0.95414,-3.82034,1.55216,0.00833333,
-0.0150156,-0.00351024,-0.000751734,0.00102392,0.0334718,0.00140639,-0.0244899,-0.0122731,-0.00367332,-0.000635265,0.0148251,0.00793391,0.00551605,0.0215113,0.0012188,-0.00580549,0.0565195,-0.0128882,0.0209529,-0.0176673,0.0410607,0.0110173,0.0083642,0.0623467,0.0176172,0.0140204,0.0136397,0.0399545,-0.0932727,-0.666182,0,-0.148603,-1.03589,-0.612864,0.492955,-0.266455,0,-0.6187,1.32976,0.0913507,-0.32535,-0.80313,0.10259,0.36932,-1.07572,0.06448,-0.44553,0.32242,0.39863,0.52467,-0.71519,0.02345,-0.34294,0.18759,12.09,9.01,-1.98,-0.22,-1.73181,-5.4775,-11.21,-2.27,-3.44,-0.37,-9.4043,6.12906,-0.81,-8.57,-17.51,-2.27,5.05,-2.12,0.37,-2.27,-12.38,6.67,4.91,-13.26,0.95,-3.3,1.25,0.0460302,-0.0369044,-0.045525,0,0.233544,-0.09442,-0.0939826,0.145748,0.00066096,0,0.12041,0.246462,-0.0102922,-0.15168,-0.1136,-0.0582231,-0.124491,-0.0897704,0.00874754,-0.0647846,-0.56911,-0.2584,-0.396337,-0.0549006,0.0251207,-0.00283732,0.0571853,22.1005,-7.10289,-1.77194,-0.327275,12.4494,-3.5682,-14.0687,36.4544,3.36205,0.240954,7.5297,12.4854,-8.0819,-13.3505,-8.33373,-4.48945,-10.8907,-4.361,-0.983232,-3.73037,-49.5841,-22.1367,-33.1776,-6.93939,0.446509,-1.33806,3.44759,0.0125,
-0.0149851,-0.00360167,-0.00237465,0.00103139,0.0330712,-0.00112749,-0.0259299,-0.0112493,-0.00429201,-0.000571714,0.0132309,0.011464,0.00570655,0.0206933,-0.00089407,-0.00559139,0.0574324,-0.0154951,0.0210823,-0.0187523,0.0418308,0.0120592,0.00972295,0.0606513,0.0176711,0.013227,0.0140696,0,0,-0.6395,0,-0.167912,-0.981194,-0.572909,0.413,-0.2265,0.0179388,-0.662456,1.4984,0.0685195,-0.34294,-0.92037,0.07328,0.38691,-1.04641,0.0381,-0.44846,0.31363,0.48363,0.58622,-0.70347,0.02345,-0.3107,0.16414,13.55,7.84,-1.54,-0.07,-1.07559,-4.37831,-11.65,-1.83,-3.59,-0.66,-8.71288,4.79625,-0.51,-8.57,-17.22,-2.27,5.05,-1.98,0.51,-2.12,-12.53,6.37,4.76,-13.26,0.95,-3.3,1.1,0.0460302,-0.0369044,-0.045525,0,0.233544,-0.09442,-0.0939826,0.145748,0.00066096,0,0.12041,0.246462,-0.0102922,-0.15168,-0.1136,-0.0582231,-0.124491,-0.0897704,0.00874754,-0.0647846,-0.56911,-0.2584,-0.396337,-0.0549006,0.0251207,-0.00283732,0.0571853,22.1005,-7.10289,-1.77194,-0.327275,12.4494,-3.5682,-14.0687,36.4544,3.36205,0.240954,7.5297,12.4854,-8.0819,-13.3505,-8.33373,-4.48945,-10.8907,-4.361,-0.983232,-3.73037,-49.5841,-22.1367,-33.1776,-6.93939,0.446509,-1.33806,3.44759,0.0125,
-0.0150378,-0.00374603,-0.00394225,0.00102392,0.0327068,-0.00321023,-0.0273945,-0.00967348,-0.00469136,-0.000470816,0.0116568,0.0149972,0.00580788,0.0198071,-0.00316215,-0.0054791,0.0582459,-0.0181024,0.021111,-0.0198804,0.0424569,0.0131574,0.0109041,0.059082,0.0177305,0.0126162,0.0145098,0,-0.133227,-0.612864,-0.0179388,-0.130948,-0.761091,-0.612864,0.999227,-0.0932727,0.0538163,-0.632482,1.40127,0.0228312,-0.39277,-0.92623,0.02052,0.27259,-1.10503,-0.01172,-0.48363,0.19638,0.38105,0.3576,-0.58329,0.03517,-0.19052,0.19638,26.15,-4.62,-0.37,0.07,-1.07052,-3.16423,-11.79,25.86,1.25,-0.81,-7.32624,3.10813,-5.79,-12.82,-6.96,-4.18,-10.77,-3.59,-0.66,-3.3,-49.3,-22.34,-33.04,-6.67,0.66,-1.39,3,0.0460302,-0.0369044,-0.045525,0,0.233544,-0.09442,-0.0939826,0.145748,0.00066096,0,0.12041,0.246462,-0.0102922,-0.15168,-0.1136,-0.0582231,-0.124491,-0.0897704,0.00874754,-0.0647846,-0.56911,-0.2584,-0.396337,-0.0549006,0.0251207,-0.00283732,0.0571853,22.1005,-7.10289,-1.77194,-0.327275,12.4494,-3.5682,-14.0687,36.4544,3.36205,0.240954,7.5297,12.4854,-8.0819,-13.3505,-8.33373,-4.48945,-10.8907,-4.361,-0.983232,-3.73037,-49.5841,-22.1367,-33.1776,-6.93939,0.446509,-1.33806,3.44759,0.0125,
-0.0150046,-0.00429797,-0.00526571,0.00101271,0.0328038,-0.00459953,-0.0288153,-0.00666332,-0.00475264,-0.000310163,0.010518,0.0189143,0.00576663,0.0187786,-0.0053196,-0.00548673,0.0587118,-0.0206797,0.0210179,-0.0210526,0.0427852,0.0139847,0.0114636,0.057869,0.0177796,0.0123427,0.0150211,0.0133182,-0.279773,-0.466318,-0.0179388,0.236732,-0.418692,-0.492955,1.23905,0,0.125633,-0.231057,1.8169,-0.0532987,-0.43381,-0.88227,-0.02052,0.14949,-1.06693,-0.04983,-0.47191,0.14069,0.3576,0.21983,-0.43674,0.04104,-0.05276,0.21104,6.23,2.42,4.76,-0.22,12.0521,-2.31342,23.08,-16.19,0.66,-1.25,8.09559,9.49815,-1.1,-0.51,1.1,0.07,-3.3,0.37,-1.25,0.51,-3,-1.54,-1.1,-3.44,-0.37,-1.25,-0.22,0.0460302,-0.0369044,-0.045525,0,0.233544,-0.09442,-0.0939826,0.145748,0.00066096,0,0.12041,0.246462,-0.0102922,-0.15168,-0.1136,-0.0582231,-0.124491,-0.0897704,0.00874754,-0.0647846,-0.56911,-0.2584,-0.396337,-0.0549006,0.0251207,-0.00283732,0.0571853,22.1005,-7.10289,-1.77194,-0.327275,12.4494,-3.5682,-14.0687,36.4544,3.36205,0.240954,7.5297,12.4854,-8.0819,-13.3505,-8.33373,-4.48945,-10.8907,-4.361,-0.983232,-3.73037,-49.5841,-22.1367,-33.1776,-6.93939,0.446509,-1.33806,3.44759,0.0125,
-0.0150959,-0.0049473,-0.00619221,0.00099398,0.0338226,-0.00500871,-0.029789,-0.00404167,-0.00452781,-4.8551e-05,0.0104848,0.0238348,0.00559998,0.0177116,-0.00737524,-0.00554013,0.0589805,-0.0232244,0.020911,-0.0221683,0.0431335,0.0148969,0.0118842,0.0570481,0.0177941,0.0123378,0.0155115,-0.106591,-0.239818,-0.319773,0,0.498752,0.111131,-0.373045,0.945955,0.159864,0.143571,0.139744,1.90494,-0.0685195,-0.46898,-0.82071,-0.02052,0.09673,-1.01417,-0.03517,-0.43674,0.15242,0.42501,0.16121,-0.28432,0.01172,0.04104,0.18466,8.57,3.44,3.59,-0.22,-0.00565404,3.04192,20.59,-11.94,-0.07,-2.42,1.43164,-4.67917,-0.07,-0.51,1.39,0.07,-3.44,0.51,-1.25,0.81,-3.15,-1.83,-1.1,-3.44,-0.51,-1.25,-0.37,0.0460302,-0.0369044,-0.045525,0,0.233544,-0.09442,-0.0939826,0.145748,0.00066096,0,0.12041,0.246462,-0.0102922,-0.15168,-0.1136,-0.0582231,-0.124491,-0.0897704,0.00874754,-0.0647846,-0.56911,-0.2584,-0.396337,-0.0549006,0.0251207,-0.00283732,0.0571853,22.1005,-7.10289,-1.77194,-0.327275,12.4494,-3.5682,-14.0687,36.4544,3.36205,0.240954,7.5297,12.4854,-8.0819,-13.3505,-8.33373,-4.48945,-10.8907,-4.361,-0.983232,-3.73037,-49.5841,-22.1367,-33.1776,-6.93939,0.446509,-1.33806,3.44759,0.0125,
-0.0155261,-0.00556874,-0.00680256,0.000982775,0.0351911,-0.00402478,-0.0305436,-0.00227976,-0.00411725,0.000317633,0.0112534,0.0282532,0.00544143,0.0165472,-0.00926518,-0.00560069,0.059145,-0.0255914,0.02088,-0.0231843,0.0435202,0.0160336,0.0122044,0.0565195,0.0177848,0.012511,0.0159565,-0.213182,-0.2265,-0.213182,0,0.579867,0.650364,-0.293091,0.559591,0.173182,0.16151,0.425981,1.74223,-0.0609091,-0.49536,-0.77382,-0.02345,0.05862,-0.98192,0.01172,-0.3957,0.18173,0.51001,0.13776,-0.16414,-0.01172,0.10259,0.17587,11.36,3.74,2.42,0.51,-0.209107,2.67866,18.83,-5.93,-0.81,-3.44,1.65729,-5.27697,-0.07,-0.51,1.39,0.07,-3.44,0.81,-1.39,0.95,-3.3,-2.42,-1.1,-3.44,-0.66,-1.25,-0.37,0.0460302,-0.0369044,-0.045525,0,0.233544,-0.09442,-0.0939826,0.145748,0.00066096,0,0.12041,0.246462,-0.0102922,-0.15168,-0.1136,-0.0582231,-0.124491,-0.0897704,0.00874754,-0.0647846,-0.56911,-0.2584,-0.396337,-0.0549006,0.0251207,-0.00283732,0.0571853,22.1005,-7.10289,-1.77194,-0.327275,12.4494,-3.5682,-14.0687,36.4544,3.36205,0.240954,7.5297,12.4854,-8.0819,-13.3505,-8.33373,-4.48945,-10.8907,-4.361,-0.983232,-3.73037,-49.5841,-22.1367,-33.1776,-6.93939,0.446509,-1.33806,3.44759,0.0125,
-0.0163474,-0.00639546,-0.00745726,0.000967837,0.0373659,-0.000491304,-0.0315146,-0.00108147,-0.00339866,0.00102018,0.0135904,0.0336785,0.00522614,0.0147538,-0.0119379,-0.00559545,0.059289,-0.0289552,0.0209373,-0.0244963,0.0442221,0.0182326,0.0128052,0.0561965,0.017777,0.0129395,0.0165375,-0.279773,-0.159864,-0.106591,0,0.610195,1.16489,-0.133227,0.0532727,0.186545,0.215327,0.835351,1.37707,-0.0685195,-0.48363,-0.68295,0.02638,0.05276,-0.8764,0.00879,-0.30777,0.23742,0.72985,0.2638,-0.02345,-0.01466,0.12311,0.12604,14.43,4.18,1.98,-0.22,10.3274,-3.53473,17.51,-0.81,-1.25,-4.76,7.37219,5.45516,0.22,-0.51,2.12,0.22,-3.59,1.25,-1.39,1.25,-3.88,-2.86,-1.54,-3.44,-0.66,-1.25,-0.66,0.0460302,-0.0369044,-0.045525,0,0.233544,-0.09442,-0.0939826,0.145748,0.00066096,0,0.12041,0.246462,-0.0102922,-0.15168,-0.1136,-0.0582231,-0.124491,-0.0897704,0.00874754,-0.0647846,-0.56911,-0.2584,-0.396337,-0.0549006,0.0251207,-0.00283732,0.0571853,22.1005,-7.10289,-1.77194,-0.327275,12.4494,-3.5682,-14.0687,36.4544,3.36205,0.240954,7.5297,12.4854,-8.0819,-13.3505,-8.33373,-4.48945,-10.8907,-4.361,-0.983232,-3.73037,-49.5841,-22.1367,-33.1776,-6.93939,0.446509,-1.33806,3.44759,0.0125,
-0.0167272,-0.00656748,-0.00752378,0.000964102,0.0381176,0.00100922,-0.0316062,-0.00118124,-0.00319624,0.00128547,0.0147287,0.0352346,0.00506759,0.0136311,-0.0135193,-0.00548124,0.0594308,-0.0309317,0.020952,-0.0251091,0.044879,0.020247,0.0136182,0.0562553,0.0177634,0.0132545,0.0167686,-0.333091,-0.119909,-0.0399545,0,0.559832,1.27376,-0.0532727,-0.173182,0.159864,0.215327,0.903722,1.09731,-0.0761299,-0.44846,-0.63605,0.04983,0.05862,-0.7914,0.01172,-0.24621,0.24914,0.85296,0.32242,0.0469,0.01172,0.14069,0.09086,16.34,3.59,1.83,-0.07,-1.71823,0.606878,14.87,1.1,-1.1,-4.91,-0.524674,-8.17987,-2.42,-12.09,-5.93,-3.88,-11.06,-2.42,-0.95,-2.27,-50.18,-24.54,-33.48,-6.81,0.07,-1.39,2.42,0.025652,0.00156304,-0.0919276,0,0.0666604,-0.168341,-0.0816439,0.0331757,0.00297466,0,-0.176683,0.0661052,6.90917e-05,-0.00687548,-0.117848,0.0754818,0.231596,-0.0724093,0.0167894,-0.0684644,0.145682,0.136367,0.136397,-0.120277,0.0587489,-0.0466591,0.0386282,25.7328,5.05649,-11.2561,-0.310482,-0.578934,-14.6749,-17.9185,8.60565,-0.796519,-4.72424,-14.7626,-3.34915,0.542369,-0.763084,-7.10688,6.43342,10.3121,-2.16905,-0.336227,-3.36356,7.64199,7.99108,9.35972,-10.5767,2.46565,-4.82944,1.70423,0.0166667,
-0.0173349,-0.00682271,-0.00752115,0.000964102,0.0390906,0.00441265,-0.0317447,-0.00109529,-0.00287437,0.00181237,0.0168826,0.036396,0.00497556,0.0130854,-0.0142791,-0.00541854,0.0594897,-0.0318685,0.0209816,-0.0254267,0.0451088,0.0212445,0.0139406,0.0563219,0.0177698,0.0134218,0.01689,-0.119909,-0.133227,0,0,0.284137,1.51446,-0.213182,0.319773,0.106591,0.233265,0.854457,0.124453,-0.0761299,-0.46312,-0.64778,0.04104,0.04104,-0.78261,0.03517,-0.26087,0.16121,0.83537,0.24621,0.06448,0.02638,0.1319,0.11138,31.28,-4.47,-5.05,0.07,-3.88453,-1.10741,-20.59,35.82,-0.51,-5.49,-1.62042,-8.79768,-1.98,-12.09,-6.37,-4.18,-11.06,-2.42,-1.1,-2.27,-49.3,-24.1,-33.33,-6.81,0.22,-1.39,2.56,0.025652,0.00156304,-0.0919276,0,0.0666604,-0.168341,-0.0816439,0.0331757,0.00297466,0,-0.176683,0.0661052,6.90917e-05,-0.00687548,-0.117848,0.0754818,0.231596,-0.0724093,0.0167894,-0.0684644,0.145682,0.136367,0.136397,-0.120277,0.0587489,-0.0466591,0.0386282,25.7328,5.05649,-11.2561,-0.310482,-0.578934,-14.6749,-17.9185,8.60565,-0.796519,-4.72424,-14.7626,-3.34915,0.542369,-0.763084,-7.10688,6.43342,10.3121,-2.16905,-0.336227,-3.36356,7.64199,7.99108,9.35972,-10.5767,2.46565,-4.82944,1.70423,0.0166667,
-0.017446,-0.00726926,-0.00762653,0.000964102,0.0397835,0.00758039,-0.032799,3.38554e-05,-0.00267172,0.00236541,0.0189762,0.0366426,0.00473619,0.0119331,-0.0158918,-0.00535274,0.0595593,-0.0338204,0.0211195,-0.0260838,0.0452774,0.0231569,0.0142822,0.0564606,0.0177984,0.0137062,0.0172042,0,-0.2265,-0.119909,0,0.340187,1.06271,-0.546273,0.519591,0.0932727,0.233265,0.871719,0.313131,-0.098961,-0.47484,-0.66536,0.00879,0.02052,-0.79726,0.06448,-0.29604,0.00293,0.78261,0.05862,0.05276,0.02931,0.10259,0.14069,27.18,-4.18,-4.18,-0.22,8.99918,-8.65542,-11.65,31.58,-0.51,-5.49,4.08033,6.05085,-1.68,-11.94,-6.37,-4.18,-11.06,-2.56,-1.1,-2.56,-49.01,-24.1,-32.89,-6.67,0.22,-1.39,2.71,0.025652,0.00156304,-0.0919276,0,0.0666604,-0.168341,-0.0816439,0.0331757,0.00297466,0,-0.176683,0.0661052,6.90917e-05,-0.00687548,-0.117848,0.0754818,0.231596,-0.0724093,0.0167894,-0.0684644,0.145682,0.136367,0.136397,-0.120277,0.0587489,-0.0466591,0.0386282,25.7328,5.05649,-11.2561,-0.310482,-0.578934,-14.6749,-17.9185,8.60565,-0.796519,-4.72424,-14.7626,-3.34915,0.542369,-0.763084,-7.10688,6.43342,10.3121,-2.16905,-0.336227,-3.36356,7.64199,7.99108,9.35972,-10.5767,2.46565,-4.82944,1.70423,0.0166667,
-0.0173712,-0.00782692,-0.00813699,0.000964102,0.0408759,0.0091383,-0.0343165,0.00121582,-0.00248885,0.00289231,0.0211295,0.0379702,0.00452685,0.0107911,-0.0175002,-0.00538468,0.0595825,-0.0357215,0.0213416,-0.0268419,0.045038,0.0249786,0.0141644,0.0565834,0.0178227,0.0139277,0.0175843,0.0399545,-0.239818,-0.266455,0,0.535134,0.28132,-0.732773,0.413,0.0932727,0.215327,0.838207,0.766746,-0.0761299,-0.48363,-0.68002,-0.02638,0,-0.80606,0.10845,-0.32535,-0.17,0.7064,-0.13776,0.0469,0,0.085,0.17294,26.01,-3.59,-2.71,-0.22,9.1867,-10.0104,-5.93,32.45,-0.37,-5.35,3.18781,7.2662,-2.42,-12.09,-6.37,-4.18,-11.06,-2.56,-1.1,-2.56,-48.42,-24.1,-32.45,-6.67,0.22,-1.39,2.86,0.025652,0.00156304,-0.0919276,0,0.0666604,-0.168341,-0.0816439,0.0331757,0.00297466,0,-0.176683,0.0661052,6.90917e-05,-0.00687548,-0.117848,0.0754818,0.231596,-0.0724093,0.0167894,-0.0684644,0.145682,0.136367,0.136397,-0.120277,0.0587489,-0.0466591,0.0386282,25.7328,5.05649,-11.2561,-0.310482,-0.578934,-14.6749,-17.9185,8.60565,-0.796519,-4.72424,-14.7626,-3.34915,0.542369,-0.763084,-7.10688,6.43342,10.3121,-2.16905,-0.336227,-3.36356,7.64199,7.99108,9.35972,-10.5767,2.46565,-4.82944,1.70423,0.0166667,
-0.0173099,-0.00831807,-0.00910521,0.000967837,0.0423014,0.00886773,-0.0360839,0.00151551,-0.00208354,0.00338559,0.0230311,0.0403422,0.00438905,0.00967908,-0.0191665,-0.0054512,0.0597262,-0.0376692,0.0215918,-0.0276887,0.0446706,0.0268412,0.0139484,0.0566368,0.0178697,0.014009,0.0180107,-0.0133182,-0.119909,-0.519591,0,0.636715,-0.399078,-0.6395,-0.173182,0.213182,0.179449,0.730388,1.26253,-0.0304416,-0.42208,-0.69468,-0.00879,0.12604,-0.7914,0.09673,-0.37225,-0.10845,0.85589,0,0.00879,0.0469,-0.02052,0.16414,18.97,3.88,-7.11,-0.22,9.82804,-11.1218,-1.54,10.77,-0.95,-5.2,2.95801,10.2952,-0.51,-0.51,-6.52,6.23,9.89,-1.68,-0.66,-2.86,7.69,6.81,9.6,-10.48,1.83,-4.32,1.54,0.025652,0.00156304,-0.0919276,0,0.0666604,-0.168341,-0.0816439,0.0331757,0.00297466,0,-0.176683,0.0661052,6.90917e-05,-0.00687548,-0.117848,0.0754818,0.231596,-0.0724093,0.0167894,-0.0684644,0.145682,0.136367,0.136397,-0.120277,0.0587489,-0.0466591,0.0386282,25.7328,5.05649,-11.2561,-0.310482,-0.578934,-14.6749,-17.9185,8.60565,-0.796519,-4.72424,-14.7626,-3.34915,0.542369,-0.763084,-7.10688,6.43342,10.3121,-2.16905,-0.336227,-3.36356,7.64199,7.99108,9.35972,-10.5767,2.46565,-4.82944,1.70423,0.0166667,
-0.0175068,-0.00843453,-0.0105672,0.000967837,0.0435747,0.00667638,-0.0373046,0.00080514,-0.00146222,0.00381159,0.0241422,0.0431545,0.00434303,0.0087328,-0.0208471,-0.00540924,0.0602148,-0.039535,0.021767,-0.0286201,0.0445373,0.0290768,0.0141644,0.0566049,0.0180101,0.0138338,0.0183902,-0.159864,0,-0.6395,0,0.39574,-1.41485,-0.399682,-0.346409,0.266455,0.16151,0.151526,0.955358,-0.00761039,-0.36053,-0.69761,0.03517,0.2638,-0.77088,0.04983,-0.41329,-0.01466,0.96434,0.14949,-0.02052,0.05862,-0.11138,0.14949,22.34,2.56,-5.79,-0.22,0.984704,-15.6816,-7.25,15.16,-1.39,-4.91,-14.3042,1.58333,-1.25,-0.66,-6.37,6.37,10.04,-1.68,-0.51,-2.86,7.99,6.67,9.45,-10.62,1.98,-4.47,1.54,0.025652,0.00156304,-0.0919276,0,0.0666604,-0.168341,-0.0816439,0.0331757,0.00297466,0,-0.176683,0.0661052,6.90917e-05,-0.00687548,-0.117848,0.0754818,0.231596,-0.0724093,0.0167894,-0.0684644,0.145682,0.136367,0.136397,-0.120277,0.0587489,-0.0466591,0.0386282,25.7328,5.05649,-11.2561,-0.310482,-0.578934,-14.6749,-17.9185,8.60565,-0.796519,-4.72424,-14.7626,-3.34915,0.542369,-0.763084,-7.10688,6.43342,10.3121,-2.16905,-0.336227,-3.36356,7.64199,7.99108,9.35972,-10.5767,2.46565,-4.82944,1.70423,0.0166667,
-0.0178676,-0.00825143,-0.0122681,0.000967837,0.0441014,0.00225606,-0.0379121,2.2769e-05,-0.000984907,0.00418151,0.0236763,0.0445904,0.00433826,0.00796247,-0.0225265,-0.00528669,0.0609767,-0.0413046,0.0218329,-0.0296693,0.0446031,0.0314028,0.0146515,0.0565591,0.0182269,0.0134975,0.0187135,-0.159864,0.119909,-0.772727,0,0.058614,-2.1128,-0.159864,-0.293091,0.159864,0.143571,-0.490574,0.239953,0,-0.29897,-0.72399,0.05862,0.3576,-0.73571,0.00879,-0.4426,0.05862,0.98192,0.24035,-0.02052,0.11431,-0.14949,0.12311,22.2,1.54,-4.76,0.07,0.185273,-13.2459,-14.29,15.02,-0.81,-4.47,-14.7254,-0.116722,-1.25,-0.66,-6.23,6.37,10.04,-1.54,-0.37,-2.71,7.84,6.52,9.3,-10.62,2.12,-4.47,1.54,0.025652,0.00156304,-0.0919276,0,0.0666604,-0.168341,-0.0816439,0.0331757,0.00297466,0,-0.176683,0.0661052,6.90917e-05,-0.00687548,-0.117848,0.0754818,0.231596,-0.0724093,0.0167894,-0.0684644,0.145682,0.136367,0.136397,-0.120277,0.0587489,-0.0466591,0.0386282,25.7328,5.05649,-11.2561,-0.310482,-0.578934,-14.6749,-17.9185,8.60565,-0.796519,-4.72424,-14.7626,-3.34915,0.542369,-0.763084,-7.10688,6.43342,10.3121,-2.16905,-0.336227,-3.36356,7.64199,7.99108,9.35972,-10.5767,2.46565,-4.82944,1.70423,0.0166667,
-0.0181923,-0.00791013,-0.0141323,0.000979041,0.0437568,-0.00335614,-0.0380869,-0.000742912,-0.000690937,0.00452161,0.02174,0.0440312,0.00435734,0.00729847,-0.0243433,-0.00512481,0.0619035,-0.0430446,0.0217952,-0.0307685,0.0447955,0.0337508,0.0152912,0.0565367,0.0185132,0.013108,0.0190071,-0.133227,0.159864,-0.799409,0.0179388,-0.33059,-2.50766,-0.0133182,-0.346409,0.0932727,0.16151,-1.03929,-0.665331,0.00761039,-0.25794,-0.76502,0.085,0.41915,-0.7064,-0.02638,-0.47484,0.10259,0.9321,0.26966,-0.00293,0.1319,-0.17294,0.11138,22.05,0.51,-3.88,-0.07,-0.414551,-10.6665,-17.95,15.6,-0.22,-4.18,-14.7085,-2.04325,-1.98,-0.81,-5.93,6.23,9.89,-1.54,-0.37,-2.71,7.69,6.23,9.16,-10.62,2.12,-4.62,1.54,0.025652,0.00156304,-0.0919276,0,0.0666604,-0.168341,-0.0816439,0.0331757,0.00297466,0,-0.176683,0.0661052,6.90917e-05,-0.00687548,-0.117848,0.0754818,0.231596,-0.0724093,0.0167894,-0.0684644,0.145682,0.136367,0.136397,-0.120277,0.0587489,-0.0466591,0.0386282,25.7328,5.05649,-11.2561,-0.310482,-0.578934,-14.6749,-17.9185,8.60565,-0.796519,-4.72424,-14.7626,-3.34915,0.542369,-0.763084,-7.10688,6.43342,10.3121,-2.16905,-0.336227,-3.36356,7.64199,7.99108,9.35972,-10.5767,2.46565,-4.82944,1.70423,0.0166667,
-0.0184917,-0.00750804,-0.0160661,0.00098651,0.0424407,-0.00968277,-0.0380619,-0.00171113,-0.000527382,0.00482798,0.0185094,0.0412442,0.00441265,0.00672007,-0.0262573,-0.00493121,0.0630052,-0.044663,0.0217044,-0.0319642,0.045069,0.0357823,0.015918,0.0565181,0.0188637,0.0126294,0.0192518,-0.106591,0.159864,-0.746091,0,-0.689629,-2.58979,0.0399545,-0.439682,0.0532727,0.125633,-1.49718,-1.60997,0.0380779,-0.23742,-0.80606,0.07914,0.47191,-0.68002,-0.04983,-0.50415,0.12018,0.80313,0.23742,-0.02345,0.14949,-0.20225,0.08793,22.49,-0.22,-3.88,-0.07,-0.180315,-7.59773,-19.41,17.51,-0.07,-4.18,-13.8078,-2.98603,-2.42,-0.66,-5.79,6.23,9.74,-1.39,-0.22,-2.56,7.84,6.81,9.3,-10.62,2.27,-4.47,1.54,-0.0164931,0.00765319,-0.036868,0,-0.0265569,-0.15917,-0.0886136,-0.00881313,-0.0470996,0.0295335,-0.228385,0.148021,0.0469816,0.155365,-0.158033,-0.0585927,0.419503,-0.0833958,0.0850934,-0.0875185,-0.0992077,0.234899,-0.00775936,-0.16324,0.0644552,0.0196045,0.0632611,4.38014,1.50163,4.07636,-0.680386,-2.98775,0.231021,-21.3738,3.8987,-7.58413,4.72576,-11.1559,8.8741,13.3962,12.3612,-9.16513,-4.44743,21.2464,-2.06787,5.07705,-4.30258,-11.7254,14.2276,-2.38337,-13.1851,2.69057,0.606188,3.48463,0.0208333,
-0.0187943,-0.00717509,-0.0177028,0.00099398,0.0405641,-0.0154271,-0.0379565,-0.00278759,-0.00041914,0.00510453,0.0145699,0.0369578,0.00455379,0.00614023,-0.0282362,-0.00470948,0.0642154,-0.0462601,0.0215602,-0.0332197,0.045361,0.0374413,0.0163589,0.0564237,0.0192647,0.0120131,0.0194371,-0.133227,0.119909,-0.626182,0,-0.860138,-2.19113,0.0133182,-0.413,0.0532727,0.0897551,-1.70965,-2.05772,0.0685195,-0.24035,-0.84416,0.09966,0.51295,-0.65364,-0.07328,-0.52174,0.12604,0.58622,0.13483,-0.06448,0.16121,-0.28139,0.07328,22.49,-0.07,-4.91,-0.22,0.47518,-3.7915,-19.27,18.1,0.07,-4.47,-11.1883,-1.02924,-3.74,-0.66,-5.49,6.23,9.74,-1.25,-0.37,-2.56,7.99,6.81,9.45,-10.48,2.27,-4.47,1.54,-0.0164931,0.00765319,-0.036868,0,-0.0265569,-0.15917,-0.0886136,-0.00881313,-0.0470996,0.0295335,-0.228385,0.148021,0.0469816,0.155365,-0.158033,-0.0585927,0.419503,-0.0833958,0.0850934,-0.0875185,-0.0992077,0.234899,-0.00775936,-0.16324,0.0644552,0.0196045,0.0632611,4.38014,1.50163,4.07636,-0.680386,-2.98775,0.231021,-21.3738,3.8987,-7.58413,4.72576,-11.1559,8.8741,13.3962,12.3612,-9.16513,-4.44743,21.2464,-2.06787,5.07705,-4.30258,-11.7254,14.2276,-2.38337,-13.1851,2.69057,0.606188,3.48463,0.0208333,
-0.01913,-0.00696695,-0.0190845,0.00099398,0.0384976,-0.0197856,-0.0379844,-0.0036782,-0.000352383,0.00536608,0.0102063,0.031659,0.00470281,0.00553274,-0.0303593,-0.00443292,0.0654445,-0.0477583,0.0213542,-0.0344617,0.0456362,0.0385671,0.0165386,0.0561867,0.0196898,0.0112336,0.0195791,-0.133227,0.0532727,-0.519591,0,-0.822049,-1.4709,-0.0666364,-0.319773,0.0133182,0.0897551,-1.77142,-2.33998,0.0532987,-0.26087,-0.89399,0.1319,0.51881,-0.58622,-0.09966,-0.52174,0.09966,0.3488,0.02638,-0.13483,0.19638,-0.36932,0.05276,22.93,0.95,-5.49,-0.07,1.5342,-1.71505,-17.22,15.9,0.22,-4.18,-9.48686,1.86765,-3.59,-0.51,-5.35,6.08,9.6,-1.39,-0.22,-2.42,7.84,7.4,9.6,-10.48,2.27,-4.32,1.54,-0.0164931,0.00765319,-0.036868,0,-0.0265569,-0.15917,-0.0886136,-0.00881313,-0.0470996,0.0295335,-0.228385,0.148021,0.0469816,0.155365,-0.158033,-0.0585927,0.419503,-0.0833958,0.0850934,-0.0875185,-0.0992077,0.234899,-0.00775936,-0.16324,0.0644552,0.0196045,0.0632611,4.38014,1.50163,4.07636,-0.680386,-2.98775,0.231021,-21.3738,3.8987,-7.58413,4.72576,-11.1559,8.8741,13.3962,12.3612,-9.16513,-4.44743,21.2464,-2.06787,5.07705,-4.30258,-11.7254,14.2276,-2.38337,-13.1851,2.69057,0.606188,3.48463,0.0208333,
-0.0194962,-0.00704455,-0.0202386,0.000967837,0.0367018,-0.0223264,-0.0383811,-0.00423849,-0.000341177,0.0056389,0.00579144,0.0260396,0.00483775,0.00482965,-0.0325012,-0.00408101,0.0665505,-0.04918,0.0209806,-0.0357159,0.0459344,0.0393126,0.0165761,0.0558269,0.0201111,0.0103339,0.0196937,-0.133227,-0.0666364,-0.439682,-0.0179388,-0.669971,-0.723921,-0.186545,-0.173182,-0.0133182,0.0897551,-1.74909,-2.39794,0.0761299,-0.33415,-0.90278,0.14949,0.38105,-0.59209,-0.21104,-0.49536,0.14949,0.31363,0.0381,-0.14949,0.16121,-0.3576,0.04983,23.22,3.15,-6.08,0.37,2.81416,-0.503806,-12.97,13.41,0.51,-4.32,-7.59387,5.1142,2.71,-17.07,-1.98,2.12,-9.89,-1.83,-2.56,-0.95,27.77,29.82,22.78,-3,0.95,-0.37,1.98,-0.0164931,0.00765319,-0.036868,0,-0.0265569,-0.15917,-0.0886136,-0.00881313,-0.0470996,0.0295335,-0.228385,0.148021,0.0469816,0.155365,-0.158033,-0.0585927,0.419503,-0.0833958,0.0850934,-0.0875185,-0.0992077,0.234899,-0.00775936,-0.16324,0.0644552,0.0196045,0.0632611,4.38014,1.50163,4.07636,-0.680386,-2.98775,0.231021,-21.3738,3.8987,-7.58413,4.72576,-11.1559,8.8741,13.3962,12.3612,-9.16513,-4.44743,21.2464,-2.06787,5.07705,-4.30258,-11.7254,14.2276,-2.38337,-13.1851,2.69057,0.606188,3.48463,0.0208333,
-0.0199761,-0.00708342,-0.0208657,0.000949163,0.0354992,-0.0231171,-0.0388138,-0.00487113,-0.000602245,0.00592292,0.00180862,0.0206697,0.00504994,0.00391173,-0.0347962,-0.00372005,0.0673671,-0.0505962,0.020453,-0.0368458,0.0461757,0.0397785,0.0165534,0.0553527,0.0204687,0.00942266,0.0197803,-0.293091,0.0666364,-0.106591,0,-0.355461,-0.0599101,-0.133227,-0.373045,-0.213182,0.125633,-1.54442,-2.13462,0.0913507,-0.39863,-0.97899,0.14069,0.32535,-0.56864,-0.19052,-0.46019,0.0469,0.05862,-0.06155,-0.24914,0.13776,-0.40156,0.02052,9.45,8.86,1.39,0.07,4.30857,-0.144605,-8.72,2.71,-1.68,-4.47,-5.74552,8.57721,1.54,-10.33,-10.04,-2.12,0.51,-0.81,0.07,-0.81,-11.36,4.76,4.62,-12.09,1.1,-2.27,0.81,-0.0164931,0.00765319,-0.036868,0,-0.0265569,-0.15917,-0.0886136,-0.00881313,-0.0470996,0.0295335,-0.228385,0.148021,0.0469816,0.155365,-0.158033,-0.0585927,0.419503,-0.0833958,0.0850934,-0.0875185,-0.0992077,0.234899,-0.00775936,-0.16324,0.0644552,0.0196045,0.0632611,4.38014,1.50163,4.07636,-0.680386,-2.98775,0.231021,-21.3738,3.8987,-7.58413,4.72576,-11.1559,8.8741,13.3962,12.3612,-9.16513,-4.44743,21.2464,-2.06787,5.07705,-4.30258,-11.7254,14.2276,-2.38337,-13.1851,2.69057,0.606188,3.48463,0.0208333,
-0.0207112,-0.00678945,-0.0208795,0.00092302,0.0350097,-0.0223121,-0.0390885,-0.0059309,-0.00117087,0.00624055,-0.00141755,0.0163202,0.005234,0.00290036,-0.0372832,-0.00339937,0.0681651,-0.0519001,0.0201136,-0.037892,0.0460739,0.0396652,0.0163209,0.0546129,0.0207689,0.00842977,0.0197859,-0.279773,0.133227,0.0932727,0,-0.0842337,0.681614,-0.0932727,-0.492955,-0.266455,0.16151,-1.03433,-1.54166,0.0609091,-0.4426,-1.04641,0.12604,0.3488,-0.50708,-0.09673,-0.40743,-0.10845,-0.12604,-0.12018,-0.37225,0.11431,-0.43674,-0.00879,11.5,7.11,0.22,0.07,1.02481,3.64698,-10.04,5.2,-0.95,-4.47,1.65591,10.4927,1.98,-10.04,-9.74,-2.42,0.66,-0.66,0.07,-0.66,-11.36,5.2,4.76,-11.94,1.1,-2.12,0.81,-0.0164931,0.00765319,-0.036868,0,-0.0265569,-0.15917,-0.0886136,-0.00881313,-0.0470996,0.0295335,-0.228385,0.148021,0.0469816,0.155365,-0.158033,-0.0585927,0.419503,-0.0833958,0.0850934,-0.0875185,-0.0992077,0.234899,-0.00775936,-0.16324,0.0644552,0.0196045,0.0632611,4.38014,1.50163,4.07636,-0.680386,-2.98775,0.231021,-21.3738,3.8987,-7.58413,4.72576,-11.1559,8.8741,13.3962,12.3612,-9.16513,-4.44743,21.2464,-2.06787,5.07705,-4.30258,-11.7254,14.2276,-2.38337,-13.1851,2.69057,0.606188,3.48463,0.0208333,
-0.0213466,-0.00644529,-0.0202191,0.000915551,0.0350141,-0.0200099,-0.0393577,-0.00704885,-0.00173974,0.00659927,-0.00322647,0.0138829,0.00534487,0.00178647,-0.0398304,-0.00309539,0.0691073,-0.0531082,0.0200174,-0.0388343,0.0456803,0.0392272,0.0160272,0.0535541,0.0210438,0.0073384,0.0197742,-0.2265,0.133227,0.346409,0,0.0477721,1.0687,-0.133227,-0.439682,-0.173182,0.16151,-0.50537,-0.681908,0.0304416,-0.47484,-1.08745,0.12604,0.41915,-0.49536,0,-0.36346,-0.21397,-0.21397,-0.12604,-0.48657,0.10259,-0.46312,0,9.16,7.25,-1.83,-0.22,0.428094,1.09629,-8.86,5.05,-1.54,-5.2,2.25625,11.7819,2.71,-9.89,-9.3,-2.42,0.66,-0.51,0.22,-0.51,-11.5,5.35,4.91,-11.79,1.1,-1.98,0.51,-0.0164931,0.00765319,-0.036868,0,-0.0265569,-0.15917,-0.0886136,-0.00881313,-0.0470996,0.0295335,-0.228385,0.148021,0.0469816,0.155365,-0.158033,-0.0585927,0.419503,-0.0833958,0.0850934,-0.0875185,-0.0992077,0.234899,-0.00775936,-0.16324,0.0644552,0.0196045,0.0632611,4.38014,1.50163,4.07636,-0.680386,-2.98775,0.231021,-21.3738,3.8987,-7.58413,4.72576,-11.1559,8.8741,13.3962,12.3612,-9.16513,-4.44743,21.2464,-2.06787,5.07705,-4.30258,-11.7254,14.2276,-2.38337,-13.1851,2.69057,0.606188,3.48463,0.0208333,
-0.0217879,-0.00619292,-0.0193479,0.000941694,0.0352824,-0.0171846,-0.0397406,-0.00791728,-0.00206995,0.00699165,-0.00378605,0.0134026,0.00537348,0.000636339,-0.0424659,-0.00281882,0.0702324,-0.0542355,0.0201298,-0.0396495,0.0450456,0.0386996,0.0157366,0.0522113,0.0212767,0.00612748,0.0197773,-0.159864,0.0932727,0.346409,0,0.15978,1.2237,-0.173182,-0.333091,-0.106591,0.16151,0.0302755,0.147637,0,-0.47484,-1.08158,0.10259,0.49536,-0.44846,0.085,-0.32535,-0.29311,-0.21397,-0.11138,-0.59795,0.09966,-0.51295,0,7.25,7.84,-2.71,-0.22,0.00361027,-0.366058,-7.84,3.59,-2.42,-6.08,2.25186,11.7779,3.59,-10.04,-9.16,-2.42,0.51,-0.51,0.22,-0.51,-11.06,5.35,4.76,-11.65,0.95,-1.98,0.66,-0.0164931,0.00765319,-0.036868,0,-0.0265569,-0.15917,-0.0886136,-0.00881313,-0.0470996,0.0295335,-0.228385,0.148021,0.0469816,0.155365,-0.158033,-0.0585927,0.419503,-0.0833958,0.0850934,-0.0875185,-0.0992077,0.234899,-0.00775936,-0.16324,0.0644552,0.0196045,0.0632611,4.38014,1.50163,4.07636,-0.680386,-2.98775,0.231021,-21.3738,3.8987,-7.58413,4.72576,-11.1559,8.8741,13.3962,12.3612,-9.16513,-4.44743,21.2464,-2.06787,5.07705,-4.30258,-11.7254,14.2276,-2.38337,-13.1851,2.69057,0.606188,3.48463,0.0208333,
-0.0220819,-0.00605416,-0.0186517,0.000979041,0.0356852,-0.0143339,-0.0402844,-0.00854981,-0.0023222,0.0075559,-0.0030954,0.0146434,0.00534487,-0.000380754,-0.0450544,-0.00258565,0.0716884,-0.0552919,0.0205476,-0.0404606,0.0442607,0.0383255,0.015481,0.0506489,0.0215325,0.00492561,0.01982,-0.106591,0.0532727,0.2265,0.0179388,0.158657,1.09098,-0.266455,-0.2265,-0.119909,0.251265,0.492944,0.748886,-0.00761039,-0.39863,-1.04641,0.09086,0.68295,-0.42208,0.22276,-0.33122,-0.33415,-0.11431,-0.09966,-0.69174,0.10845,-0.49536,0.01172,6.37,8.42,-1.83,0.07,-1.26297,-3.77465,-5.2,2.12,-2.27,-7.25,1.42887,10.5955,4.18,-8.86,-9.16,-2.27,0.22,-0.51,0.22,-0.51,-11.36,5.05,4.18,-11.65,0.95,-1.68,0.81,-0.0164931,0.00765319,-0.036868,0,-0.0265569,-0.15917,-0.0886136,-0.00881313,-0.0470996,0.0295335,-0.228385,0.148021,0.0469816,0.155365,-0.158033,-0.0585927,0.419503,-0.0833958,0.0850934,-0.0875185,-0.0992077,0.234899,-0.00775936,-0.16324,0.0644552,0.0196045,0.0632611,4.38014,1.50163,4.07636,-0.680386,-2.98775,0.231021,-21.3738,3.8987,-7.58413,4.72576,-11.1559,8.8741,13.3962,12.3612,-9.16513,-4.44743,21.2464,-2.06787,5.07705,-4.30258,-11.7254,14.2276,-2.38337,-13.1851,2.69057,0.606188,3.48463,0.0208333,
-0.0222955,-0.00584328,-0.0181439,0.00100145,0.0359929,-0.0126907,-0.0408611,-0.0090214,-0.00252199,0.00816502,-0.00159249,0.0171478,0.00529742,-0.00128484,-0.0475657,-0.0023756,0.0734231,-0.0562322,0.0211155,-0.0412092,0.0434511,0.0381248,0.015321,0.0488417,0.0217798,0.00373054,0.0198301,-0.0666364,0.133227,0.186545,0,0.106869,0.407925,-0.2265,-0.159864,-0.0532727,0.233265,0.741778,1.23955,-0.0304416,-0.3488,-1.05813,0.07914,0.72985,-0.37518,0.24035,-0.28432,-0.34294,-0.0469,-0.0381,-0.76502,0.09966,-0.48657,-0.00879,5.93,7.55,-1.68,-0.22,-1.89573,-6.33798,-5.64,0.95,-2.71,-7.69,-0.672484,7.74662,4.62,-10.04,-9.01,-2.42,0.22,-0.37,0.22,-0.51,-11.06,5.05,4.62,-11.36,0.95,-1.68,0.66,0.0352919,0.0149518,-0.044318,0,-0.0024595,-0.145686,-0.109415,0.0583345,-0.0318094,0,-0.197515,0.067358,-0.00833142,-0.069382,-0.208569,0.0409308,0.0497843,-0.0806741,0.0166686,-0.0729338,-0.297416,-0.126562,-0.0781082,-0.150703,0.0440381,-0.0762229,0.0203399,27.604,4.91109,-5.80712,-0.680386,-2.92551,-12.1764,-22.4445,22.6684,-3.16683,-7.55477,-13.6924,0.30591,-4.13288,-4.72284,-10.9884,3.2996,-1.65572,-1.31189,-0.421698,-2.43224,-26.6658,-12.9624,-7.28781,-11.7352,1.29611,-6.2442,0.0357323,0.025,
-0.0224924,-0.00553548,-0.0177722,0.00101645,0.0361665,-0.0122198,-0.0415299,-0.00937951,-0.0026412,0.00887125,0.000618453,0.0201706,0.00522923,-0.00199842,-0.0501196,-0.00221133,0.0753996,-0.0571404,0.0218043,-0.0419041,0.0426931,0.0381892,0.0152678,0.046937,0.0220416,0.0026294,0.0198586,-0.0932727,0.119909,0.119909,0.0179388,0.0312225,0.0332068,-0.293091,-0.119909,-0.0666364,0.305082,0.991366,1.27728,-0.0228312,-0.24914,-1.05813,0.05862,0.86761,-0.36932,0.3107,-0.29311,-0.28432,0.085,-0.00293,-0.7914,0.12604,-0.42208,0.01466,5.79,6.81,-0.81,-0.37,-2.53694,-7.43631,-3.44,1.1,-2.71,-8.86,-2.3382,4.64169,5.05,-9.01,-8.57,-2.42,0.07,-0.37,0.22,-0.51,-11.5,4.62,4.03,-11.5,0.95,-1.54,0.66,0.0352919,0.0149518,-0.044318,0,-0.0024595,-0.145686,-0.109415,0.0583345,-0.0318094,0,-0.197515,0.067358,-0.00833142,-0.069382,-0.208569,0.0409308,0.0497843,-0.0806741,0.0166686,-0.0729338,-0.297416,-0.126562,-0.0781082,-0.150703,0.0440381,-0.0762229,0.0203399,27.604,4.91109,-5.80712,-0.680386,-2.92551,-12.1764,-22.4445,22.6684,-3.16683,-7.55477,-13.6924,0.30591,-4.13288,-4.72284,-10.9884,3.2996,-1.65572,-1.31189,-0.421698,-2.43224,-26.6658,-12.9624,-7.28781,-11.7352,1.29611,-6.2442,0.0357323,0.025,
-0.0227671,-0.00527179,-0.0174975,0.00102018,0.0361351,-0.0129555,-0.0423398,-0.00964296,-0.00283265,0.00973451,0.00307155,0.0233162,0.00522137,-0.00246072,-0.0526316,-0.00213027,0.0776277,-0.0579417,0.0226172,-0.0426441,0.0421081,0.0386169,0.0153003,0.045105,0.0223491,0.0017854,0.0199238,-0.133227,0.0932727,0.0932727,0,-0.0509746,-0.484543,-0.373045,-0.0932727,-0.119909,0.448653,0.97212,1.37388,0.00761039,-0.1319,-1.00831,0.00879,1.02882,-0.34294,0.37518,-0.32242,-0.19052,0.27259,0.02052,-0.74744,0.14949,-0.28139,0.0469,6.37,2.56,-3.44,-0.07,-2.52994,-7.91853,-9.3,2.42,-5.2,-1.54,-3.79189,2.13103,12.82,12.23,-6.37,-4.47,19.85,-1.39,4.18,-3.15,-11.06,15.02,-1.54,-12.09,2.27,0.66,3.15,0.0352919,0.0149518,-0.044318,0,-0.0024595,-0.145686,-0.109415,0.0583345,-0.0318094,0,-0.197515,0.067358,-0.00833142,-0.069382,-0.208569,0.0409308,0.0497843,-0.0806741,0.0166686,-0.0729338,-0.297416,-0.126562,-0.0781082,-0.150703,0.0440381,-0.0762229,0.0203399,27.604,4.91109,-5.80712,-0.680386,-2.92551,-12.1764,-22.4445,22.6684,-3.16683,-7.55477,-13.6924,0.30591,-4.13288,-4.72284,-10.9884,3.2996,-1.65572,-1.31189,-0.421698,-2.43224,-26.6658,-12.9624,-7.28781,-11.7352,1.29611,-6.2442,0.0357323,0.025,
-0.0232248,-0.00526071,-0.0174143,0.00102392,0.0358971,-0.0147081,-0.043386,-0.00978434,-0.00326014,0.0108294,0.00516062,0.0266059,0.00542736,-0.00264287,-0.0550244,-0.00217509,0.0803635,-0.0587254,0.0236098,-0.0435011,0.0417821,0.0395405,0.0153658,0.0434058,0.0227478,0.00136912,0.0200911,-0.213182,-0.0532727,0.0133182,0,-0.158337,-0.936771,-0.453,-0.0399545,-0.2265,0.466592,0.751392,1.40962,0.129429,-0.03517,-0.99658,-0.0381,1.1871,-0.31363,0.42501,-0.36932,-0.08793,0.46312,0.02345,-0.64485,0.18759,-0.085,0.09086,8.57,4.18,-2.86,-0.22,-3.78606,-11.3252,-6.96,1.39,-4.47,-3.74,-15.2589,3.7665,9.16,12.53,-6.37,-4.47,19.56,-1.25,4.32,-3.15,-11.5,14.87,-1.83,-12.38,2.27,0.81,3.15,0.0352919,0.0149518,-0.044318,0,-0.0024595,-0.145686,-0.109415,0.0583345,-0.0318094,0,-0.197515,0.067358,-0.00833142,-0.069382,-0.208569,0.0409308,0.0497843,-0.0806741,0.0166686,-0.0729338,-0.297416,-0.126562,-0.0781082,-0.150703,0.0440381,-0.0762229,0.0203399,27.604,4.91109,-5.80712,-0.680386,-2.92551,-12.1764,-22.4445,22.6684,-3.16683,-7.55477,-13.6924,0.30591,-4.13288,-4.72284,-10.9884,3.2996,-1.65572,-1.31189,-0.421698,-2.43224,-26.6658,-12.9624,-7.28781,-11.7352,1.29611,-6.2442,0.0357323,0.025,
-0.0235994,-0.00537169,-0.0175753,0.00102392,0.0353626,-0.0172572,-0.0446038,-0.00951254,-0.00378156,0.0118981,0.00654001,0.0300887,0.00563669,-0.00268555,-0.0574853,-0.00227642,0.0831649,-0.0594587,0.0245768,-0.0444123,0.0416572,0.0406113,0.0154004,0.0420523,0.0231824,0.0012635,0.0202804,-0.0666364,-0.0133182,-0.186545,0,-0.246565,-1.07036,-0.559591,0.319773,-0.213182,0.32302,0.39014,1.43266,0.0304416,-0.02931,-1.04055,-0.03517,1.13727,-0.28432,0.3576,-0.38691,-0.0381,0.38691,-0.00293,-0.50708,0.18173,-0.0381,0.05862,27.18,6.08,-2.27,-0.22,-3.76739,-9.86318,-12.53,13.55,-2.42,-11.79,-16.9857,2.79576,-5.49,-4.62,-10.04,3.3,-2.27,-1.1,-0.07,-1.98,-27.33,-14.14,-7.4,-11.5,1.25,-5.35,0.37,0.0352919,0.0149518,-0.044318,0,-0.0024595,-0.145686,-0.109415,0.0583345,-0.0318094,0,-0.197515,0.067358,-0.00833142,-0.069382,-0.208569,0.0409308,0.0497843,-0.0806741,0.0166686,-0.0729338,-0.297416,-0.126562,-0.0781082,-0.150703,0.0440381,-0.0762229,0.0203399,27.604,4.91109,-5.80712,-0.680386,-2.92551,-12.1764,-22.4445,22.6684,-3.16683,-7.55477,-13.6924,0.30591,-4.13288,-4.72284,-10.9884,3.2996,-1.65572,-1.31189,-0.421698,-2.43224,-26.6658,-12.9624,-7.28781,-11.7352,1.29611,-6.2442,0.0357323,0.025,
-0.0236299,-0.00538564,-0.0181329,0.00101271,0.0347952,-0.0195446,-0.0459688,-0.00839448,-0.00421977,0.0126306,0.00704916,0.0329629,0.00563192,-0.00281262,-0.0599995,-0.00231838,0.0857768,-0.060142,0.0252743,-0.0453553,0.04162,0.0413926,0.0153377,0.0409968,0.0236316,0.00117028,0.02036,0.0133182,0.0133182,-0.266455,0,-0.221249,-0.828503,-0.559591,0.559591,-0.133227,0.251265,0.037762,0.95372,-0.0380779,-0.07914,-1.08745,-0.00293,1.02882,-0.28725,0.24914,-0.38105,0.00293,0.26966,-0.03517,-0.37225,0.19932,-0.0381,0.01466,24.69,5.79,-1.54,-0.07,-2.28598,-7.05218,-11.5,8.72,-2.71,-9.3,-15.7848,-2.36195,-2.71,-5.05,-9.6,3.44,-2.56,-1.25,-0.22,-2.12,-27.33,-13.85,-7.4,-11.5,1.1,-5.64,0.37,0.0352919,0.0149518,-0.044318,0,-0.0024595,-0.145686,-0.109415,0.0583345,-0.0318094,0,-0.197515,0.067358,-0.00833142,-0.069382,-0.208569,0.0409308,0.0497843,-0.0806741,0.0166686,-0.0729338,-0.297416,-0.126562,-0.0781082,-0.150703,0.0440381,-0.0762229,0.0203399,27.604,4.91109,-5.80712,-0.680386,-2.92551,-12.1764,-22.4445,22.6684,-3.16683,-7.55477,-13.6924,0.30591,-4.13288,-4.72284,-10.9884,3.2996,-1.65572,-1.31189,-0.421698,-2.43224,-26.6658,-12.9624,-7.28781,-11.7352,1.29611,-6.2442,0.0357323,0.025,
